line,t_ms,ibat_ua,phase,t_s,ibat_ma,dt_ms
58,15410,33000,BLE advertising before connection,0.0,33.0,
59,15677,31000,BLE advertising before connection,0.267,31.0,267
60,15783,0,BLE advertising before connection,0.373,0.0,106
61,15888,62000,BLE advertising before connection,0.478,62.0,105
62,15993,15000,BLE advertising before connection,0.583,15.0,105
63,16098,15000,BLE advertising before connection,0.688,15.0,105
64,16204,31000,BLE advertising before connection,0.794,31.0,106
65,16309,31000,BLE advertising before connection,0.899,31.0,105
66,16414,0,BLE advertising before connection,1.004,0.0,105
67,16519,0,BLE advertising before connection,1.109,0.0,105
68,16625,15000,BLE advertising before connection,1.215,15.0,106
69,16730,7000,BLE advertising before connection,1.32,7.0,105
70,16835,31000,BLE advertising before connection,1.425,31.0,105
71,16940,7000,BLE advertising before connection,1.53,7.0,105
72,17046,7000,BLE advertising before connection,1.636,7.0,106
73,17151,2000,BLE advertising before connection,1.741,2.0,105
74,17256,31000,BLE advertising before connection,1.846,31.0,105
75,17361,7000,BLE advertising before connection,1.951,7.0,105
76,17467,15000,BLE advertising before connection,2.057,15.0,106
77,17764,2000,BLE advertising before connection,2.354,2.0,297
78,17869,31000,BLE advertising before connection,2.459,31.0,105
79,17975,7000,BLE advertising before connection,2.565,7.0,106
80,18080,7000,BLE advertising before connection,2.67,7.0,105
81,18185,2000,BLE advertising before connection,2.775,2.0,105
82,18291,7000,BLE advertising before connection,2.881,7.0,106
83,18396,0,BLE advertising before connection,2.986,0.0,105
84,18501,0,BLE advertising before connection,3.091,0.0,105
85,18606,31000,BLE advertising before connection,3.196,31.0,105
86,18711,7000,BLE advertising before connection,3.301,7.0,105
87,18817,7000,BLE advertising before connection,3.407,7.0,106
88,18922,0,BLE advertising before connection,3.512,0.0,105
89,19027,2000,BLE advertising before connection,3.617,2.0,105
90,19132,0,BLE advertising before connection,3.722,0.0,105
91,19238,7000,BLE advertising before connection,3.828,7.0,106
92,19343,3000,BLE advertising before connection,3.933,3.0,105
93,19448,7000,BLE advertising before connection,4.038,7.0,105
94,19554,0,BLE advertising before connection,4.144,0.0,106
95,19851,5000,BLE advertising before connection,4.441,5.0,297
96,19957,2000,BLE advertising before connection,4.547,2.0,106
97,20062,31000,BLE advertising before connection,4.652,31.0,105
98,20167,0,BLE advertising before connection,4.757,0.0,105
99,20272,0,BLE advertising before connection,4.862,0.0,105
100,20377,7000,BLE advertising before connection,4.967,7.0,105
101,20483,31000,BLE advertising before connection,5.073,31.0,106
102,20588,7000,BLE advertising before connection,5.178,7.0,105
103,20693,7000,BLE advertising before connection,5.283,7.0,105
104,20799,63000,BLE advertising before connection,5.389,63.0,106
105,20904,7000,BLE advertising before connection,5.494,7.0,105
106,21009,2000,BLE advertising before connection,5.599,2.0,105
107,21115,0,BLE advertising before connection,5.705,0.0,106
108,21220,15000,BLE advertising before connection,5.81,15.0,105
109,21325,7000,BLE advertising before connection,5.915,7.0,105
110,21430,0,BLE advertising before connection,6.02,0.0,105
111,21536,62000,BLE advertising before connection,6.126,62.0,106
112,21641,62000,BLE advertising before connection,6.231,62.0,105
113,21939,5000,BLE advertising before connection,6.529,5.0,298
114,22044,0,BLE advertising before connection,6.634,0.0,105
115,22149,0,BLE advertising before connection,6.739,0.0,105
116,22254,2000,BLE advertising before connection,6.844,2.0,105
117,22360,31000,BLE advertising before connection,6.95,31.0,106
118,22465,7000,BLE advertising before connection,7.055,7.0,105
119,22570,0,BLE advertising before connection,7.16,0.0,105
120,22675,15000,BLE advertising before connection,7.265,15.0,105
121,22781,7000,BLE advertising before connection,7.371,7.0,106
122,22886,7000,BLE advertising before connection,7.476,7.0,105
123,22991,0,BLE advertising before connection,7.581,0.0,105
124,23096,0,BLE advertising before connection,7.686,0.0,105
125,23201,0,BLE advertising before connection,7.791,0.0,105
126,23307,2000,BLE advertising before connection,7.897,2.0,106
127,23412,15000,BLE advertising before connection,8.002,15.0,105
128,23517,2000,BLE advertising before connection,8.107,2.0,105
129,23622,0,BLE advertising before connection,8.212,0.0,105
130,23728,0,BLE advertising before connection,8.318,0.0,106
131,24025,62000,BLE advertising before connection,8.615,62.0,297
132,24131,31000,BLE advertising before connection,8.721,31.0,106
133,24236,15000,BLE advertising before connection,8.826,15.0,105
134,24341,15000,BLE advertising before connection,8.931,15.0,105
135,24446,7000,BLE advertising before connection,9.036,7.0,105
136,24552,31000,BLE advertising before connection,9.142,31.0,106
137,24657,31000,BLE advertising before connection,9.247,31.0,105
138,24762,31000,BLE advertising before connection,9.352,31.0,105
139,24867,15000,BLE advertising before connection,9.457,15.0,105
140,24973,0,BLE advertising before connection,9.563,0.0,106
141,25078,0,BLE advertising before connection,9.668,0.0,105
142,25183,7000,BLE advertising before connection,9.773,7.0,105
143,25288,0,BLE advertising before connection,9.878,0.0,105
144,25394,2000,BLE advertising before connection,9.984,2.0,106
145,25499,7000,BLE advertising before connection,10.089,7.0,105
146,25604,2000,BLE advertising before connection,10.194,2.0,105
147,25709,0,BLE advertising before connection,10.299,0.0,105
148,25814,15000,BLE advertising before connection,10.404,15.0,105
149,26112,0,BLE advertising before connection,10.702,0.0,298
150,26217,7000,BLE advertising before connection,10.807,7.0,105
151,26323,0,BLE advertising before connection,10.913,0.0,106
152,26428,0,BLE advertising before connection,11.018,0.0,105
153,26533,31000,BLE advertising before connection,11.123,31.0,105
154,26638,7000,BLE advertising before connection,11.228,7.0,105
155,26744,2000,BLE advertising before connection,11.334,2.0,106
156,26849,0,BLE advertising before connection,11.439,0.0,105
157,26954,15000,BLE advertising before connection,11.544,15.0,105
158,27059,2000,BLE advertising before connection,11.649,2.0,105
159,27165,0,BLE advertising before connection,11.755,0.0,106
160,27270,7000,BLE advertising before connection,11.86,7.0,105
161,27375,15000,BLE advertising before connection,11.965,15.0,105
162,27480,7000,BLE advertising before connection,12.07,7.0,105
163,27585,7000,BLE advertising before connection,12.175,7.0,105
164,27691,0,BLE advertising before connection,12.281,0.0,106
165,27796,62000,BLE advertising before connection,12.386,62.0,105
166,27901,0,BLE advertising before connection,12.491,0.0,105
167,28199,63000,BLE advertising before connection,12.789,63.0,298
168,28304,7000,BLE advertising before connection,12.894,7.0,105
169,28409,7000,BLE advertising before connection,12.999,7.0,105
170,28515,15000,BLE advertising before connection,13.105,15.0,106
171,28620,31000,BLE advertising before connection,13.21,31.0,105
172,28725,2000,BLE advertising before connection,13.315,2.0,105
173,28830,2000,BLE advertising before connection,13.42,2.0,105
174,28936,2000,BLE advertising before connection,13.526,2.0,106
175,29041,0,BLE advertising before connection,13.631,0.0,105
176,29146,2000,BLE advertising before connection,13.736,2.0,105
177,29251,0,BLE connected idle,13.841,0.0,105
179,29357,0,BLE connected idle,13.947,0.0,106
180,29462,0,BLE connected idle,14.052,0.0,105
181,29567,0,BLE connected idle,14.157,0.0,105
182,29672,7000,BLE connected idle,14.262,7.0,105
183,29777,63000,BLE connected idle,14.367,63.0,105
184,29883,2000,BLE connected idle,14.473,2.0,106
186,29988,15000,BLE connected idle,14.578,15.0,105
187,30296,4000,BLE connected idle,14.886,4.0,308
188,30402,0,BLE connected idle,14.992,0.0,106
189,30507,31000,BLE connected idle,15.097,31.0,105
190,30612,0,BLE connected idle,15.202,0.0,105
191,30718,0,BLE connected idle,15.308,0.0,106
192,30823,31000,BLE connected idle,15.413,31.0,105
193,30928,31000,BLE connected idle,15.518,31.0,105
194,31034,0,BLE connected idle,15.624,0.0,106
195,31139,7000,BLE connected idle,15.729,7.0,105
196,31244,2000,BLE connected idle,15.834,2.0,105
197,31349,7000,BLE connected idle,15.939,7.0,105
198,31455,2000,BLE connected idle,16.045,2.0,106
199,31560,0,BLE connected idle,16.15,0.0,105
200,31665,2000,BLE connected idle,16.255,2.0,105
201,31770,15000,BLE connected idle,16.36,15.0,105
202,31876,2000,BLE connected idle,16.466,2.0,106
203,31981,7000,BLE connected idle,16.571,7.0,105
204,32086,7000,BLE connected idle,16.676,7.0,105
205,32394,0,BLE connected idle,16.984,0.0,308
206,32500,5000,BLE connected idle,17.09,5.0,106
207,32605,0,BLE connected idle,17.195,0.0,105
208,32710,31000,BLE connected idle,17.3,31.0,105
209,32816,7000,BLE connected idle,17.406,7.0,106
210,32921,0,BLE connected idle,17.511,0.0,105
211,33026,2000,BLE connected idle,17.616,2.0,105
212,33131,0,BLE connected idle,17.721,0.0,105
213,33237,0,BLE connected idle,17.827,0.0,106
214,33342,0,BLE connected idle,17.932,0.0,105
215,33447,15000,BLE connected idle,18.037,15.0,105
216,33553,7000,BLE connected idle,18.143,7.0,106
217,33658,7000,BLE connected idle,18.248,7.0,105
218,33763,62000,BLE connected idle,18.353,62.0,105
219,33868,7000,BLE connected idle,18.458,7.0,105
220,33974,0,BLE connected idle,18.564,0.0,106
221,34079,0,BLE connected idle,18.669,0.0,105
222,34184,2000,BLE connected idle,18.774,2.0,105
223,34492,15000,BLE connected idle,19.082,15.0,308
224,34598,5000,BLE connected idle,19.188,5.0,106
225,34703,15000,BLE connected idle,19.293,15.0,105
226,34808,0,BLE connected idle,19.398,0.0,105
227,34913,0,BLE connected idle,19.503,0.0,105
228,35019,0,BLE connected idle,19.609,0.0,106
229,35124,11000,BLE connected idle,19.714,11.0,105
230,35229,0,BLE connected idle,19.819,0.0,105
231,35335,7000,BLE connected idle,19.925,7.0,106
232,35440,15000,BLE connected idle,20.03,15.0,105
233,35545,0,BLE connected idle,20.135,0.0,105
234,35650,62000,BLE connected idle,20.24,62.0,105
235,35756,0,BLE connected idle,20.346,0.0,106
236,35861,0,BLE connected idle,20.451,0.0,105
237,35966,0,BLE connected idle,20.556,0.0,105
238,36071,2000,BLE connected idle,20.661,2.0,105
239,36177,0,BLE connected idle,20.767,0.0,106
240,36282,31000,BLE connected idle,20.872,31.0,105
241,36590,2000,BLE connected idle,21.18,2.0,308
242,36695,2000,BLE connected idle,21.285,2.0,105
243,36801,15000,BLE connected idle,21.391,15.0,106
244,36906,31000,BLE connected idle,21.496,31.0,105
245,37011,62000,BLE connected idle,21.601,62.0,105
246,37116,2000,BLE connected idle,21.706,2.0,105
247,37222,7000,BLE connected idle,21.812,7.0,106
248,37327,0,BLE connected idle,21.917,0.0,105
249,37432,0,BLE connected idle,22.022,0.0,105
250,37537,2000,BLE connected idle,22.127,2.0,105
251,37643,62000,BLE connected idle,22.233,62.0,106
252,37748,2000,BLE connected idle,22.338,2.0,105
253,37853,0,BLE connected idle,22.443,0.0,105
254,37958,7000,BLE connected idle,22.548,7.0,105
255,38064,0,BLE connected idle,22.654,0.0,106
256,38169,15000,BLE connected idle,22.759,15.0,105
257,38274,8000,BLE connected idle,22.864,8.0,105
258,38379,2000,BLE connected idle,22.969,2.0,105
259,38688,2000,BLE connected idle,23.278,2.0,309
260,38793,63000,BLE connected idle,23.383,63.0,105
261,38898,0,BLE connected idle,23.488,0.0,105
262,39003,63000,BLE connected idle,23.593,63.0,105
263,39109,15000,BLE connected idle,23.699,15.0,106
264,39214,0,BLE connected idle,23.804,0.0,105
265,39319,7000,BLE connected idle,23.909,7.0,105
266,39424,2000,BLE connected idle,24.014,2.0,105
267,39530,2000,BLE connected idle,24.12,2.0,106
268,39635,0,BLE connected idle,24.225,0.0,105
269,39740,63000,BLE connected idle,24.33,63.0,105
270,39845,2000,BLE connected idle,24.435,2.0,105
271,39950,0,BLE connected idle,24.54,0.0,105
272,40056,0,BLE connected idle,24.646,0.0,106
273,40161,0,BLE connected idle,24.751,0.0,105
274,40266,0,BLE connected idle,24.856,0.0,105
275,40371,0,BLE connected idle,24.961,0.0,105
276,40477,15000,BLE connected idle,25.067,15.0,106
277,40785,15000,BLE connected idle,25.375,15.0,308
278,40890,15000,BLE connected idle,25.48,15.0,105
279,40995,31000,BLE connected idle,25.585,31.0,105
280,41101,7000,BLE connected idle,25.691,7.0,106
281,41206,0,BLE connected idle,25.796,0.0,105
282,41311,0,BLE connected idle,25.901,0.0,105
283,41416,2000,BLE connected idle,26.006,2.0,105
284,41521,15000,BLE connected idle,26.111,15.0,105
285,41627,31000,BLE connected idle,26.217,31.0,106
286,41732,7000,BLE connected idle,26.322,7.0,105
287,41837,2000,BLE connected idle,26.427,2.0,105
288,41942,7000,BLE connected idle,26.532,7.0,105
289,42048,15000,BLE connected idle,26.638,15.0,106
290,42153,15000,BLE connected idle,26.743,15.0,105
291,42258,2000,BLE connected idle,26.848,2.0,105
292,42363,31000,BLE connected idle,26.953,31.0,105
293,42469,0,BLE connected idle,27.059,0.0,106
294,42574,15000,BLE connected idle,27.164,15.0,105
295,42882,2000,BLE connected idle,27.472,2.0,308
296,42987,2000,BLE connected idle,27.577,2.0,105
297,43093,0,BLE connected idle,27.683,0.0,106
298,43198,15000,BLE connected idle,27.788,15.0,105
299,43303,0,BLE connected idle,27.893,0.0,105
300,43409,7000,BLE connected idle,27.999,7.0,106
301,43514,31000,BLE connected idle,28.104,31.0,105
302,43619,2000,BLE connected idle,28.209,2.0,105
303,43724,62000,BLE connected idle,28.314,62.0,105
304,43829,2000,BLE connected idle,28.419,2.0,105
305,43935,7000,BLE connected idle,28.525,7.0,106
306,44040,2000,BLE connected idle,28.63,2.0,105
307,44145,15000,BLE connected idle,28.735,15.0,105
308,44250,63000,BLE connected idle,28.84,63.0,105
309,44356,0,BLE connected idle,28.946,0.0,106
310,44461,0,BLE connected idle,29.051,0.0,105
311,44566,2000,BLE connected idle,29.156,2.0,105
312,44671,15000,BLE connected idle,29.261,15.0,105
313,44980,7000,BLE connected idle,29.57,7.0,309
314,45085,7000,BLE connected idle,29.675,7.0,105
315,45190,15000,BLE connected idle,29.78,15.0,105
316,45295,2000,BLE connected idle,29.885,2.0,105
317,45401,0,BLE connected idle,29.991,0.0,106
318,45506,2000,BLE connected idle,30.096,2.0,105
319,45611,62000,BLE connected idle,30.201,62.0,105
320,45716,15000,BLE connected idle,30.306,15.0,105
321,45821,15000,BLE connected idle,30.411,15.0,105
322,45927,7000,BLE connected idle,30.517,7.0,106
323,46032,63000,BLE connected idle,30.622,63.0,105
324,46137,0,BLE connected idle,30.727,0.0,105
325,46243,7000,BLE connected idle,30.833,7.0,106
326,46348,2000,BLE connected idle,30.938,2.0,105
327,46453,0,BLE connected idle,31.043,0.0,105
328,46558,7000,BLE connected idle,31.148,7.0,105
329,46664,0,BLE connected idle,31.254,0.0,106
330,46769,15000,BLE connected idle,31.359,15.0,105
331,47077,2000,BLE connected idle,31.667,2.0,308
332,47182,2000,BLE connected idle,31.772,2.0,105
333,47288,15000,BLE connected idle,31.878,15.0,106
334,47393,2000,BLE connected idle,31.983,2.0,105
335,47498,31000,BLE connected idle,32.088,31.0,105
336,47604,2000,BLE connected idle,32.194,2.0,106
337,47709,0,BLE connected idle,32.299,0.0,105
338,47814,7000,BLE connected idle,32.404,7.0,105
339,47919,2000,BLE connected idle,32.509,2.0,105
340,48025,0,BLE connected idle,32.615,0.0,106
341,48130,42000,BLE connected idle,32.72,42.0,105
342,48235,0,BLE connected idle,32.825,0.0,105
343,48340,2000,BLE connected idle,32.93,2.0,105
344,48446,2000,BLE connected idle,33.036,2.0,106
345,48551,2000,BLE connected idle,33.141,2.0,105
346,48656,7000,BLE connected idle,33.246,7.0,105
347,48762,7000,BLE connected idle,33.352,7.0,106
348,48867,2000,SWV setup / quiet time,33.457,2.0,105
350,49175,15000,SWV setup / quiet time,33.765,15.0,308
351,49280,2000,SWV setup / quiet time,33.87,2.0,105
352,49386,0,SWV setup / quiet time,33.976,0.0,106
358,49491,0,SWV setup / quiet time,34.081,0.0,105
359,49597,0,SWV setup / quiet time,34.187,0.0,106
360,49702,11000,SWV setup / quiet time,34.292,11.0,105
363,49807,15000,SWV setup / quiet time,34.397,15.0,105
364,49912,63000,SWV setup / quiet time,34.502,63.0,105
365,50018,0,SWV run 1,34.608,0.0,106
381,50123,0,SWV run 1,34.713,0.0,105
382,50229,31000,SWV run 1,34.819,31.0,106
383,50334,0,SWV run 1,34.924,0.0,105
384,50439,15000,SWV run 1,35.029,15.0,105
385,50544,15000,SWV run 1,35.134,15.0,105
386,50650,7000,SWV run 1,35.24,7.0,106
387,50755,15000,SWV run 1,35.345,15.0,105
388,50860,15000,SWV run 1,35.45,15.0,105
389,50965,15000,SWV run 1,35.555,15.0,105
390,51274,32000,SWV run 1,35.864,32.0,309
391,51379,15000,SWV run 1,35.969,15.0,105
392,51484,2000,SWV run 1,36.074,2.0,105
393,51589,2000,SWV run 1,36.179,2.0,105
394,51695,15000,SWV run 1,36.285,15.0,106
395,51800,31000,SWV run 1,36.39,31.0,105
396,51905,15000,SWV run 1,36.495,15.0,105
397,52010,63000,SWV run 1,36.6,63.0,105
398,52116,2000,SWV run 1,36.706,2.0,106
399,52221,15000,SWV run 1,36.811,15.0,105
400,52326,15000,SWV run 1,36.916,15.0,105
401,52431,31000,SWV run 1,37.021,31.0,105
402,52537,32000,SWV run 1,37.127,32.0,106
403,52642,31000,SWV run 1,37.232,31.0,105
404,52747,2000,SWV run 1,37.337,2.0,105
405,52852,15000,SWV run 1,37.442,15.0,105
406,52958,15000,SWV run 1,37.548,15.0,106
407,53063,2000,SWV run 1,37.653,2.0,105
412,53376,5000,SWV run 1,37.966,5.0,313
413,53481,31000,SWV run 1,38.071,31.0,105
415,53587,32000,SWV run 1,38.177,32.0,106
416,53692,32000,SWV run 1,38.282,32.0,105
417,53798,15000,SWV run 1,38.388,15.0,106
418,53903,15000,SWV run 1,38.493,15.0,105
419,54009,2000,SWV run 1,38.599,2.0,106
427,54114,7000,SWV run 1,38.704,7.0,105
429,54219,2000,SWV run 1,38.809,2.0,105
430,54325,63000,SWV run 1,38.915,63.0,106
431,54430,17000,SWV run 1,39.02,17.0,105
432,54536,7000,SWV run 1,39.126,7.0,106
433,54641,2000,SWV run 1,39.231,2.0,105
434,54747,62000,SWV run 1,39.337,62.0,106
435,54852,2000,SWV run 1,39.442,2.0,105
436,54957,63000,SWV run 1,39.547,63.0,105
437,55063,2000,SWV run 1,39.653,2.0,106
438,55169,15000,SWV run 1,39.759,15.0,106
439,55477,7000,SWV run 1,40.067,7.0,308
440,55582,62000,SWV run 1,40.172,62.0,105
441,55688,31000,SWV run 1,40.278,31.0,106
442,55793,0,SWV run 1,40.383,0.0,105
443,55898,2000,SWV run 1,40.488,2.0,105
444,56005,23000,SWV run 1,40.595,23.0,107
445,56110,31000,SWV run 1,40.7,31.0,105
446,56216,2000,SWV run 1,40.806,2.0,106
447,56321,0,SWV run 1,40.911,0.0,105
448,56427,2000,SWV run 1,41.017,2.0,106
449,56532,0,SWV run 1,41.122,0.0,105
450,56638,2000,SWV run 1,41.228,2.0,106
451,56743,15000,SWV run 1,41.333,15.0,105
452,56849,2000,SWV run 1,41.439,2.0,106
454,56954,2000,SWV run 1,41.544,2.0,105
461,57060,15000,SWV run 1,41.65,15.0,106
462,57165,2000,SWV run 1,41.755,2.0,105
463,57270,15000,SWV run 1,41.86,15.0,105
464,57578,2000,SWV run 1,42.168,2.0,308
465,57684,15000,SWV run 1,42.274,15.0,106
466,57789,2000,SWV run 1,42.379,2.0,105
467,57894,7000,SWV run 1,42.484,7.0,105
468,57999,7000,SWV run 1,42.589,7.0,105
469,58105,2000,SWV run 1,42.695,2.0,106
470,58210,31000,SWV run 1,42.8,31.0,105
471,58315,15000,SWV run 1,42.905,15.0,105
472,58420,2000,SWV run 1,43.01,2.0,105
473,58526,31000,SWV run 1,43.116,31.0,106
474,58631,2000,SWV run 1,43.221,2.0,105
475,58736,31000,SWV run 1,43.326,31.0,105
476,58842,62000,SWV run 1,43.432,62.0,106
477,58947,2000,SWV run 1,43.537,2.0,105
478,59052,0,SWV run 1,43.642,0.0,105
479,59157,15000,SWV run 1,43.747,15.0,105
480,59263,2000,SWV run 1,43.853,2.0,106
481,59368,7000,SWV run 1,43.958,7.0,105
482,59676,0,SWV run 1,44.266,0.0,308
483,59781,2000,SWV run 1,44.371,2.0,105
484,59886,0,SWV run 1,44.476,0.0,105
485,59992,0,SWV run 1,44.582,0.0,106
486,60097,2000,SWV run 1,44.687,2.0,105
487,60202,0,SWV run 1,44.792,0.0,105
488,60307,2000,SWV run 1,44.897,2.0,105
489,60413,16000,SWV run 1,45.003,16.0,106
490,60518,7000,SWV run 1,45.108,7.0,105
491,60623,2000,SWV run 1,45.213,2.0,105
492,60728,5000,SWV run 1,45.318,5.0,105
493,60834,2000,SWV run 1,45.424,2.0,106
494,60939,7000,SWV run 1,45.529,7.0,105
495,61044,0,SWV run 1,45.634,0.0,105
496,61149,2000,SWV run 1,45.739,2.0,105
497,61255,0,SWV run 1,45.845,0.0,106
498,61360,15000,SWV run 1,45.95,15.0,105
499,61465,15000,SWV run 1,46.055,15.0,105
500,61773,2000,SWV run 1,46.363,2.0,308
501,61879,15000,SWV run 1,46.469,15.0,106
502,61984,62000,SWV run 2,46.574,62.0,105
519,62089,15000,SWV run 2,46.679,15.0,105
520,62194,2000,SWV run 2,46.784,2.0,105
521,62300,15000,SWV run 2,46.89,15.0,106
522,62405,2000,SWV run 2,46.995,2.0,105
523,62510,4000,SWV run 2,47.1,4.0,105
524,62615,15000,SWV run 2,47.205,15.0,105
525,62721,31000,SWV run 2,47.311,31.0,106
526,62826,15000,SWV run 2,47.416,15.0,105
527,62931,2000,SWV run 2,47.521,2.0,105
528,63036,63000,SWV run 2,47.626,63.0,105
529,63142,15000,SWV run 2,47.732,15.0,106
530,63247,62000,SWV run 2,47.837,62.0,105
531,63352,15000,SWV run 2,47.942,15.0,105
532,63458,15000,SWV run 2,48.048,15.0,106
533,63563,15000,SWV run 2,48.153,15.0,105
534,63871,15000,SWV run 2,48.461,15.0,308
535,63976,2000,SWV run 2,48.566,2.0,105
536,64082,2000,SWV run 2,48.672,2.0,106
537,64187,31000,SWV run 2,48.777,31.0,105
538,64292,31000,SWV run 2,48.882,31.0,105
539,64397,15000,SWV run 2,48.987,15.0,105
540,64502,31000,SWV run 2,49.092,31.0,105
541,64608,1000,SWV run 2,49.198,1.0,106
542,64713,15000,SWV run 2,49.303,15.0,105
543,64818,2000,SWV run 2,49.408,2.0,105
544,64923,15000,SWV run 2,49.513,15.0,105
545,65029,15000,SWV run 2,49.619,15.0,106
548,65134,15000,SWV run 2,49.724,15.0,105
551,65240,7000,SWV run 2,49.83,7.0,106
552,65345,2000,SWV run 2,49.935,2.0,105
553,65451,2000,SWV run 2,50.041,2.0,106
554,65556,0,SWV run 2,50.146,0.0,105
555,65662,3000,SWV run 2,50.252,3.0,106
556,65970,15000,SWV run 2,50.56,15.0,308
564,66075,7000,SWV run 2,50.665,7.0,105
566,66181,0,SWV run 2,50.771,0.0,106
567,66286,15000,SWV run 2,50.876,15.0,105
568,66391,2000,SWV run 2,50.981,2.0,105
569,66497,2000,SWV run 2,51.087,2.0,106
570,66602,2000,SWV run 2,51.192,2.0,105
571,66707,2000,SWV run 2,51.297,2.0,105
572,66812,2000,SWV run 2,51.402,2.0,105
573,66918,2000,SWV run 2,51.508,2.0,106
574,67023,2000,SWV run 2,51.613,2.0,105
575,67128,0,SWV run 2,51.718,0.0,105
576,67234,2000,SWV run 2,51.824,2.0,106
577,67339,7000,SWV run 2,51.929,7.0,105
578,67444,3000,SWV run 2,52.034,3.0,105
579,67550,2000,SWV run 2,52.14,2.0,106
580,67655,2000,SWV run 2,52.245,2.0,105
581,67760,2000,SWV run 2,52.35,2.0,105
582,68068,0,SWV run 2,52.658,0.0,308
583,68174,62000,SWV run 2,52.764,62.0,106
584,68279,31000,SWV run 2,52.869,31.0,105
585,68384,7000,SWV run 2,52.974,7.0,105
586,68490,2000,SWV run 2,53.08,2.0,106
587,68595,2000,SWV run 2,53.185,2.0,105
588,68700,2000,SWV run 2,53.29,2.0,105
589,68806,2000,SWV run 2,53.396,2.0,106
590,68911,2000,SWV run 2,53.501,2.0,105
592,69016,2000,SWV run 2,53.606,2.0,105
599,69121,2000,SWV run 2,53.711,2.0,105
600,69227,31000,SWV run 2,53.817,31.0,106
601,69332,15000,SWV run 2,53.922,15.0,105
602,69437,2000,SWV run 2,54.027,2.0,105
603,69542,2000,SWV run 2,54.132,2.0,105
604,69648,0,SWV run 2,54.238,0.0,106
605,69753,7000,SWV run 2,54.343,7.0,105
606,69858,15000,SWV run 2,54.448,15.0,105
607,70166,2000,SWV run 2,54.756,2.0,308
608,70272,0,SWV run 2,54.862,0.0,106
609,70377,7000,SWV run 2,54.967,7.0,105
610,70482,0,SWV run 2,55.072,0.0,105
611,70587,62000,SWV run 2,55.177,62.0,105
612,70693,0,SWV run 2,55.283,0.0,106
613,70798,7000,SWV run 2,55.388,7.0,105
614,70903,0,SWV run 2,55.493,0.0,105
615,71008,0,SWV run 2,55.598,0.0,105
616,71114,0,SWV run 2,55.704,0.0,106
617,71219,7000,SWV run 2,55.809,7.0,105
618,71324,2000,SWV run 2,55.914,2.0,105
619,71429,7000,SWV run 2,56.019,7.0,105
620,71534,2000,SWV run 2,56.124,2.0,105
621,71640,0,SWV run 2,56.23,0.0,106
622,71745,2000,SWV run 2,56.335,2.0,105
623,71850,0,SWV run 2,56.44,0.0,105
624,71955,2000,SWV run 2,56.545,2.0,105
625,72264,2000,SWV run 2,56.854,2.0,309
626,72369,0,SWV run 2,56.959,0.0,105
627,72474,31000,SWV run 2,57.064,31.0,105
628,72579,15000,SWV run 2,57.169,15.0,105
629,72685,0,SWV run 2,57.275,0.0,106
630,72790,0,SWV run 2,57.38,0.0,105
631,72895,31000,SWV run 2,57.485,31.0,105
632,73000,0,SWV run 2,57.59,0.0,105
633,73106,0,SWV run 2,57.696,0.0,106
634,73211,2000,SWV run 2,57.801,2.0,105
635,73316,0,SWV run 2,57.906,0.0,105
636,73421,7000,SWV run 2,58.011,7.0,105
637,73527,31000,SWV run 2,58.117,31.0,106
638,73632,2000,SWV run 2,58.222,2.0,105
639,73737,2000,SWV run 2,58.327,2.0,105
640,73842,62000,SWV run 2,58.432,62.0,105
641,73948,2000,SWV run 2,58.538,2.0,106
642,74053,2000,SWV run 3,58.643,2.0,105
659,74361,31000,SWV run 3,58.951,31.0,308
660,74466,15000,SWV run 3,59.056,15.0,105
661,74571,31000,SWV run 3,59.161,31.0,105
662,74677,2000,SWV run 3,59.267,2.0,106
663,74782,2000,SWV run 3,59.372,2.0,105
664,74887,31000,SWV run 3,59.477,31.0,105
665,74992,31000,SWV run 3,59.582,31.0,105
666,75098,15000,SWV run 3,59.688,15.0,106
667,75203,15000,SWV run 3,59.793,15.0,105
668,75308,3000,SWV run 3,59.898,3.0,105
669,75413,2000,SWV run 3,60.003,2.0,105
670,75519,2000,SWV run 3,60.109,2.0,106
671,75624,2000,SWV run 3,60.214,2.0,105
672,75729,15000,SWV run 3,60.319,15.0,105
673,75834,15000,SWV run 3,60.424,15.0,105
674,75940,15000,SWV run 3,60.53,15.0,106
675,76045,2000,SWV run 3,60.635,2.0,105
676,76150,2000,SWV run 3,60.74,2.0,105
677,76458,31000,SWV run 3,61.048,31.0,308
678,76564,31000,SWV run 3,61.154,31.0,106
679,76669,15000,SWV run 3,61.259,15.0,105
680,76774,15000,SWV run 3,61.364,15.0,105
681,76879,2000,SWV run 3,61.469,2.0,105
682,76985,15000,SWV run 3,61.575,15.0,106
683,77090,2000,SWV run 3,61.68,2.0,105
686,77195,15000,SWV run 3,61.785,15.0,105
689,77301,15000,SWV run 3,61.891,15.0,106
690,77406,2000,SWV run 3,61.996,2.0,105
691,77511,64000,SWV run 3,62.101,64.0,105
692,77617,3000,SWV run 3,62.207,3.0,106
693,77723,31000,SWV run 3,62.313,31.0,106
694,77828,23000,SWV run 3,62.418,23.0,105
695,77934,31000,SWV run 3,62.524,31.0,106
696,78039,15000,SWV run 3,62.629,15.0,105
704,78144,2000,SWV run 3,62.734,2.0,105
706,78250,2000,SWV run 3,62.84,2.0,106
707,78558,62000,SWV run 3,63.148,62.0,308
708,78663,2000,SWV run 3,63.253,2.0,105
709,78769,15000,SWV run 3,63.359,15.0,106
710,78874,31000,SWV run 3,63.464,31.0,105
711,78979,2000,SWV run 3,63.569,2.0,105
712,79084,2000,SWV run 3,63.674,2.0,105
713,79190,63000,SWV run 3,63.78,63.0,106
714,79295,15000,SWV run 3,63.885,15.0,105
715,79400,2000,SWV run 3,63.99,2.0,105
716,79506,2000,SWV run 3,64.096,2.0,106
717,79611,0,SWV run 3,64.201,0.0,105
718,79716,7000,SWV run 3,64.306,7.0,105
719,79821,2000,SWV run 3,64.411,2.0,105
720,79926,2000,SWV run 3,64.516,2.0,105
721,80032,2000,SWV run 3,64.622,2.0,106
722,80137,5000,SWV run 3,64.727,5.0,105
723,80242,0,SWV run 3,64.832,0.0,105
724,80349,35000,SWV run 3,64.939,35.0,107
725,80657,63000,SWV run 3,65.247,63.0,308
726,80762,0,SWV run 3,65.352,0.0,105
727,80867,15000,SWV run 3,65.457,15.0,105
728,80973,15000,SWV run 3,65.563,15.0,106
729,81078,2000,SWV run 3,65.668,2.0,105
730,81184,0,SWV run 3,65.774,0.0,106
732,81289,7000,SWV run 3,65.879,7.0,105
733,81394,15000,SWV run 3,65.984,15.0,105
740,81499,7000,SWV run 3,66.089,7.0,105
741,81605,0,SWV run 3,66.195,0.0,106
742,81710,15000,SWV run 3,66.3,15.0,105
743,81815,15000,SWV run 3,66.405,15.0,105
744,81920,15000,SWV run 3,66.51,15.0,105
745,82026,7000,SWV run 3,66.616,7.0,106
746,82131,31000,SWV run 3,66.721,31.0,105
747,82236,2000,SWV run 3,66.826,2.0,105
748,82341,15000,SWV run 3,66.931,15.0,105
749,82447,15000,SWV run 3,67.037,15.0,106
750,82755,63000,SWV run 3,67.345,63.0,308
751,82860,0,SWV run 3,67.45,0.0,105
752,82965,31000,SWV run 3,67.555,31.0,105
753,83071,7000,SWV run 3,67.661,7.0,106
754,83176,0,SWV run 3,67.766,0.0,105
755,83281,7000,SWV run 3,67.871,7.0,105
756,83386,0,SWV run 3,67.976,0.0,105
757,83492,7000,SWV run 3,68.082,7.0,106
758,83597,31000,SWV run 3,68.187,31.0,105
759,83702,0,SWV run 3,68.292,0.0,105
760,83807,2000,SWV run 3,68.397,2.0,105
761,83913,0,SWV run 3,68.503,0.0,106
762,84018,15000,SWV run 3,68.608,15.0,105
763,84123,31000,SWV run 3,68.713,31.0,105
764,84228,15000,SWV run 3,68.818,15.0,105
765,84334,15000,SWV run 3,68.924,15.0,106
766,84439,0,SWV run 3,69.029,0.0,105
767,84544,0,SWV run 3,69.134,0.0,105
768,84852,7000,SWV run 3,69.442,7.0,308
769,84958,15000,SWV run 3,69.548,15.0,106
770,85063,2000,SWV run 3,69.653,2.0,105
771,85168,62000,SWV run 3,69.758,62.0,105
772,85273,0,SWV run 3,69.863,0.0,105
773,85379,31000,SWV run 3,69.969,31.0,106
774,85484,0,SWV run 3,70.074,0.0,105
775,85589,31000,SWV run 3,70.179,31.0,105
776,85694,0,SWV run 3,70.284,0.0,105
777,85800,2000,SWV run 3,70.39,2.0,106
778,85905,31000,SWV run 3,70.495,31.0,105
779,86010,31000,SWV run 3,70.6,31.0,105
780,86115,63000,SWV run 3,70.705,63.0,105
781,86220,15000,SWV run 3,70.81,15.0,105
782,86326,63000,SWV run 3,70.916,63.0,106
783,86431,63000,SWV run 4,71.021,63.0,105
800,86536,62000,SWV run 4,71.126,62.0,105
801,86641,31000,SWV run 4,71.231,31.0,105
802,86950,15000,SWV run 4,71.54,15.0,309
803,87055,15000,SWV run 4,71.645,15.0,105
804,87160,31000,SWV run 4,71.75,31.0,105
805,87265,2000,SWV run 4,71.855,2.0,105
806,87371,31000,SWV run 4,71.961,31.0,106
807,87476,15000,SWV run 4,72.066,15.0,105
808,87581,62000,SWV run 4,72.171,62.0,105
809,87687,31000,SWV run 4,72.277,31.0,106
810,87792,15000,SWV run 4,72.382,15.0,105
811,87897,62000,SWV run 4,72.487,62.0,105
812,88002,2000,SWV run 4,72.592,2.0,105
813,88108,2000,SWV run 4,72.698,2.0,106
814,88213,15000,SWV run 4,72.803,15.0,105
815,88318,31000,SWV run 4,72.908,31.0,105
816,88423,2000,SWV run 4,73.013,2.0,105
817,88529,15000,SWV run 4,73.119,15.0,106
818,88634,31000,SWV run 4,73.224,31.0,105
819,88739,15000,SWV run 4,73.329,15.0,105
820,89047,15000,SWV run 4,73.637,15.0,308
821,89153,15000,SWV run 4,73.743,15.0,106
822,89258,15000,SWV run 4,73.848,15.0,105
823,89363,2000,SWV run 4,73.953,2.0,105
824,89468,63000,SWV run 4,74.058,63.0,105
827,89574,5000,SWV run 4,74.164,5.0,106
828,89679,7000,SWV run 4,74.269,7.0,105
831,89785,7000,SWV run 4,74.375,7.0,106
832,89890,15000,SWV run 4,74.48,15.0,105
833,89996,15000,SWV run 4,74.586,15.0,106
834,90101,15000,SWV run 4,74.691,15.0,105
835,90207,5000,SWV run 4,74.797,5.0,106
836,90312,2000,SWV run 4,74.902,2.0,105
837,90418,2000,SWV run 4,75.008,2.0,106
845,90523,2000,SWV run 4,75.113,2.0,105
847,90628,62000,SWV run 4,75.218,62.0,105
848,90734,63000,SWV run 4,75.324,63.0,106
849,90839,0,SWV run 4,75.429,0.0,105
850,91147,31000,SWV run 4,75.737,31.0,308
851,91253,2000,SWV run 4,75.843,2.0,106
852,91358,2000,SWV run 4,75.948,2.0,105
853,91464,46000,SWV run 4,76.054,46.0,106
854,91570,2000,SWV run 4,76.16,2.0,106
855,91675,2000,SWV run 4,76.265,2.0,105
856,91781,11000,SWV run 4,76.371,11.0,106
857,91886,2000,SWV run 4,76.476,2.0,105
858,91991,0,SWV run 4,76.581,0.0,105
859,92097,15000,SWV run 4,76.687,15.0,106
860,92203,0,SWV run 4,76.793,0.0,106
861,92309,2000,SWV run 4,76.899,2.0,106
862,92414,0,SWV run 4,77.004,0.0,105
863,92519,2000,SWV run 4,77.109,2.0,105
864,92625,0,SWV run 4,77.215,0.0,106
865,92730,0,SWV run 4,77.32,0.0,105
866,92835,0,SWV run 4,77.425,0.0,105
867,92940,15000,SWV run 4,77.53,15.0,105
868,93248,63000,SWV run 4,77.838,63.0,308
869,93354,62000,SWV run 4,77.944,62.0,106
870,93460,2000,SWV run 4,78.05,2.0,106
872,93565,7000,SWV run 4,78.155,7.0,105
879,93671,5000,SWV run 4,78.261,5.0,106
880,93776,2000,SWV run 4,78.366,2.0,105
881,93881,2000,SWV run 4,78.471,2.0,105
882,93986,2000,SWV run 4,78.576,2.0,105
883,94092,15000,SWV run 4,78.682,15.0,106
884,94197,31000,SWV run 4,78.787,31.0,105
885,94302,2000,SWV run 4,78.892,2.0,105
886,94408,15000,SWV run 4,78.998,15.0,106
887,94513,62000,SWV run 4,79.103,62.0,105
888,94618,0,SWV run 4,79.208,0.0,105
889,94723,0,SWV run 4,79.313,0.0,105
890,94828,15000,SWV run 4,79.418,15.0,105
891,94934,0,SWV run 4,79.524,0.0,106
892,95039,2000,SWV run 4,79.629,2.0,105
893,95347,0,SWV run 4,79.937,0.0,308
894,95452,0,SWV run 4,80.042,0.0,105
895,95558,3000,SWV run 4,80.148,3.0,106
896,95663,2000,SWV run 4,80.253,2.0,105
897,95768,2000,SWV run 4,80.358,2.0,105
898,95873,15000,SWV run 4,80.463,15.0,105
899,95979,2000,SWV run 4,80.569,2.0,106
900,96084,62000,SWV run 4,80.674,62.0,105
901,96189,0,SWV run 4,80.779,0.0,105
902,96294,2000,SWV run 4,80.884,2.0,105
903,96400,31000,SWV run 4,80.99,31.0,106
904,96505,31000,SWV run 4,81.095,31.0,105
905,96610,62000,SWV run 4,81.2,62.0,105
906,96715,15000,SWV run 4,81.305,15.0,105
907,96821,0,SWV run 4,81.411,0.0,106
908,96926,1000,SWV run 4,81.516,1.0,105
909,97031,62000,SWV run 4,81.621,62.0,105
910,97136,0,SWV run 4,81.726,0.0,105
911,97445,15000,SWV run 4,82.035,15.0,309
912,97550,0,SWV run 4,82.14,0.0,105
913,97655,2000,SWV run 4,82.245,2.0,105
914,97760,5000,SWV run 4,82.35,5.0,105
915,97866,7000,SWV run 4,82.456,7.0,106
916,97971,2000,SWV run 4,82.561,2.0,105
917,98076,2000,SWV run 4,82.666,2.0,105
918,98181,15000,SWV run 4,82.771,15.0,105
919,98287,1000,SWV run 4,82.877,1.0,106
920,98392,8000,SWV run 4,82.982,8.0,105
921,98497,2000,SWV run 4,83.087,2.0,105
922,98602,62000,SWV run 5,83.192,62.0,105
939,98708,2000,SWV run 5,83.298,2.0,106
940,98813,31000,SWV run 5,83.403,31.0,105
941,98918,2000,SWV run 5,83.508,2.0,105
942,99023,15000,SWV run 5,83.613,15.0,105
943,99129,15000,SWV run 5,83.719,15.0,106
944,99234,15000,SWV run 5,83.824,15.0,105
945,99542,15000,SWV run 5,84.132,15.0,308
946,99647,15000,SWV run 5,84.237,15.0,105
947,99753,15000,SWV run 5,84.343,15.0,106
948,99858,15000,SWV run 5,84.448,15.0,105
949,99963,2000,SWV run 5,84.553,2.0,105
950,100068,2000,SWV run 5,84.658,2.0,105
951,100173,2000,SWV run 5,84.763,2.0,105
952,100279,15000,SWV run 5,84.869,15.0,106
953,100384,15000,SWV run 5,84.974,15.0,105
954,100489,32000,SWV run 5,85.079,32.0,105
955,100594,31000,SWV run 5,85.184,31.0,105
956,100700,15000,SWV run 5,85.29,15.0,106
957,100805,15000,SWV run 5,85.395,15.0,105
958,100910,5000,SWV run 5,85.5,5.0,105
959,101015,2000,SWV run 5,85.605,2.0,105
960,101121,2000,SWV run 5,85.711,2.0,106
961,101226,2000,SWV run 5,85.816,2.0,105
962,101331,15000,SWV run 5,85.921,15.0,105
963,101639,15000,SWV run 5,86.229,15.0,308
966,101745,2000,SWV run 5,86.335,2.0,106
969,101850,15000,SWV run 5,86.44,15.0,105
970,101956,15000,SWV run 5,86.546,15.0,106
971,102061,15000,SWV run 5,86.651,15.0,105
972,102167,2000,SWV run 5,86.757,2.0,106
973,102272,15000,SWV run 5,86.862,15.0,105
974,102378,31000,SWV run 5,86.968,31.0,106
975,102483,0,SWV run 5,87.073,0.0,105
976,102589,3000,SWV run 5,87.179,3.0,106
984,102694,2000,SWV run 5,87.284,2.0,105
986,102799,31000,SWV run 5,87.389,31.0,105
987,102904,2000,SWV run 5,87.494,2.0,105
988,103010,0,SWV run 5,87.6,0.0,106
989,103115,15000,SWV run 5,87.705,15.0,105
990,103220,63000,SWV run 5,87.81,63.0,105
991,103325,15000,SWV run 5,87.915,15.0,105
992,103431,2000,SWV run 5,88.021,2.0,106
993,103739,2000,SWV run 5,88.329,2.0,308
994,103844,31000,SWV run 5,88.434,31.0,105
995,103949,2000,SWV run 5,88.539,2.0,105
996,104055,2000,SWV run 5,88.645,2.0,106
997,104160,63000,SWV run 5,88.75,63.0,105
998,104265,63000,SWV run 5,88.855,63.0,105
999,104370,15000,SWV run 5,88.96,15.0,105
1000,104476,62000,SWV run 5,89.066,62.0,106
1001,104581,2000,SWV run 5,89.171,2.0,105
1002,104686,15000,SWV run 5,89.276,15.0,105
1003,104792,31000,SWV run 5,89.382,31.0,106
1004,104897,2000,SWV run 5,89.487,2.0,105
1005,105002,15000,SWV run 5,89.592,15.0,105
1006,105108,0,SWV run 5,89.698,0.0,106
1007,105213,2000,SWV run 5,89.803,2.0,105
1008,105318,63000,SWV run 5,89.908,63.0,105
1009,105424,15000,SWV run 5,90.014,15.0,106
1010,105529,63000,Post-measurement connected,90.119,63.0,105
1019,105837,2000,Post-measurement connected,90.427,2.0,308
1020,105943,2000,Post-measurement connected,90.533,2.0,106
1021,106048,2000,Post-measurement connected,90.638,2.0,105
1022,106153,2000,Post-measurement connected,90.743,2.0,105
1023,106258,7000,Post-measurement connected,90.848,7.0,105
1024,106364,2000,Post-measurement connected,90.954,2.0,106
1025,106469,62000,Post-measurement connected,91.059,62.0,105
1026,106574,2000,Post-measurement connected,91.164,2.0,105
1027,106679,15000,Post-measurement connected,91.269,15.0,105
1028,106785,15000,Post-measurement connected,91.375,15.0,106
1029,106890,63000,Post-measurement connected,91.48,63.0,105
1030,106995,7000,Post-measurement connected,91.585,7.0,105
1031,107100,7000,Post-measurement connected,91.69,7.0,105
1032,107206,0,Post-measurement connected,91.796,0.0,106
1033,107311,62000,Post-measurement connected,91.901,62.0,105
1034,107416,15000,Post-measurement connected,92.006,15.0,105
1035,107521,15000,Post-measurement connected,92.111,15.0,105
1036,107627,62000,Post-measurement connected,92.217,62.0,106
1037,107935,15000,Post-measurement connected,92.525,15.0,308
1038,108040,63000,Post-measurement connected,92.63,63.0,105
1039,108145,31000,Post-measurement connected,92.735,31.0,105
1040,108251,63000,Post-measurement connected,92.841,63.0,106
1041,108356,63000,Post-measurement connected,92.946,63.0,105
1042,108461,0,Post-measurement connected,93.051,0.0,105
1043,108566,15000,Post-measurement connected,93.156,15.0,105
1044,108672,31000,Post-measurement connected,93.262,31.0,106
1045,108777,15000,Post-measurement connected,93.367,15.0,105
1046,108882,62000,Post-measurement connected,93.472,62.0,105
1047,108987,2000,Post-measurement connected,93.577,2.0,105
1048,109093,0,Post-measurement connected,93.683,0.0,106
1049,109198,31000,Post-measurement connected,93.788,31.0,105
1050,109303,15000,Post-measurement connected,93.893,15.0,105
1051,109408,15000,Post-measurement connected,93.998,15.0,105
1052,109514,0,Post-measurement connected,94.104,0.0,106
1053,109619,31000,Post-measurement connected,94.209,31.0,105
1054,109724,15000,Post-measurement connected,94.314,15.0,105
1055,110032,0,Post-measurement connected,94.622,0.0,308
1056,110137,62000,Post-measurement connected,94.727,62.0,105
1057,110243,0,Post-measurement connected,94.833,0.0,106
1058,110348,15000,Post-measurement connected,94.938,15.0,105
1059,110453,7000,Post-measurement connected,95.043,7.0,105
1060,110558,2000,Post-measurement connected,95.148,2.0,105
1061,110664,31000,Post-measurement connected,95.254,31.0,106
1062,110769,31000,Post-measurement connected,95.359,31.0,105
1063,110874,31000,Post-measurement connected,95.464,31.0,105
1064,110980,2000,Post-measurement connected,95.57,2.0,106
1065,111085,7000,Post-measurement connected,95.675,7.0,105
1066,111190,7000,Post-measurement connected,95.78,7.0,105
1067,111295,2000,Post-measurement connected,95.885,2.0,105
1068,111401,7000,Post-measurement connected,95.991,7.0,106
1069,111506,15000,Post-measurement connected,96.096,15.0,105
1070,111611,62000,Post-measurement connected,96.201,62.0,105
1071,111716,63000,Post-measurement connected,96.306,63.0,105
1072,111822,2000,BLE disconnected,96.412,2.0,106
1076,112119,0,BLE disconnected,96.709,0.0,297
1077,112225,7000,BLE disconnected,96.815,7.0,106
1078,112330,31000,BLE disconnected,96.92,31.0,105
1079,112435,0,BLE disconnected,97.025,0.0,105
1080,112540,15000,BLE disconnected,97.13,15.0,105
1081,112645,15000,BLE disconnected,97.235,15.0,105
1082,112751,0,BLE disconnected,97.341,0.0,106
1083,112856,2000,BLE disconnected,97.446,2.0,105
1084,112961,7000,BLE disconnected,97.551,7.0,105
1085,113066,0,BLE disconnected,97.656,0.0,105
1086,113172,7000,BLE disconnected,97.762,7.0,106
1087,113277,15000,BLE disconnected,97.867,15.0,105
1088,113382,7000,BLE disconnected,97.972,7.0,105
1089,113488,2000,BLE disconnected,98.078,2.0,106
1090,113593,0,BLE disconnected,98.183,0.0,105
1091,113698,0,BLE disconnected,98.288,0.0,105
1092,113803,2000,BLE disconnected,98.393,2.0,105
1093,113908,15000,BLE disconnected,98.498,15.0,105
1094,114206,2000,BLE disconnected,98.796,2.0,298
1095,114311,2000,BLE disconnected,98.901,2.0,105
1096,114417,31000,BLE disconnected,99.007,31.0,106
1097,114522,15000,BLE disconnected,99.112,15.0,105
1098,114627,0,BLE disconnected,99.217,0.0,105
1099,114732,15000,BLE disconnected,99.322,15.0,105
1100,114838,15000,BLE disconnected,99.428,15.0,106
1101,114943,15000,BLE disconnected,99.533,15.0,105
1102,115048,62000,BLE disconnected,99.638,62.0,105
1103,115153,2000,BLE disconnected,99.743,2.0,105
1104,115259,2000,BLE disconnected,99.849,2.0,106
1105,115364,7000,BLE disconnected,99.954,7.0,105
1107,115469,31000,BLE disconnected,100.059,31.0,105
