dataset,file,round,source_run_id,sensor,filter,peak_height_nA,peak_voltage_mV,sigma_baseline_nA,snr,baseline_slope_nA_per_mV
sensor24_today,sensor24blankpbsrun1.csv,1,1,2,raw,454.36988257621636,-267.525,38.5409940873423,11.78926214374531,-0.05160059285504145
sensor24_today,sensor24blankpbsrun1.csv,1,1,2,avg3,424.27196810014135,-262.153,31.18101598852891,13.606739698803448,-0.049051576253867545
sensor24_today,sensor24blankpbsrun1.csv,1,1,2,smooth5,416.65717771047844,-267.525,30.026900567841857,13.876130064409946,-0.0536165946494216
sensor24_today,sensor24blankpbsrun1.csv,1,1,2,smooth7,407.2419851576246,-267.525,29.557903598134693,13.777769583879566,-0.060986235189013145
sensor24_today,sensor24blankpbsrun1.csv,1,1,2,sg5,429.6872680914887,-267.525,32.52274020285928,13.211902361588589,-0.047459765020637805
sensor24_today,sensor24blankpbsrun1.csv,1,2,4,raw,275.1320724813245,-262.153,17.941337206719172,15.335092881387089,-0.03765712665549089
sensor24_today,sensor24blankpbsrun1.csv,1,2,4,avg3,254.01887349081363,-267.525,13.878992176072202,18.302400510661702,-0.03445682791283485
sensor24_today,sensor24blankpbsrun1.csv,1,2,4,smooth5,247.25729892186558,-267.525,13.020951925922507,18.98918760537148,-0.03893085848374572
sensor24_today,sensor24blankpbsrun1.csv,1,2,4,smooth7,245.58543586859338,-262.153,12.34351447024302,19.895908613437083,-0.040433780332702125
sensor24_today,sensor24blankpbsrun1.csv,1,2,4,sg5,256.63112816244126,-267.525,14.796297703522587,17.34427985328685,-0.032995985473750024
sensor24_today,sensor24blankpbsrun2.csv,2,1,2,raw,389.3726065414901,-267.525,23.804872991224496,16.3568445286404,-0.091578289382594
sensor24_today,sensor24blankpbsrun2.csv,2,1,2,avg3,379.69234512416716,-267.525,17.849524091980506,21.271846978528497,-0.08331975070502635
sensor24_today,sensor24blankpbsrun2.csv,2,1,2,smooth5,369.16682798304055,-262.153,17.155703291675337,21.518606477775567,-0.08178037814578407
sensor24_today,sensor24blankpbsrun2.csv,2,1,2,smooth7,350.68390411006305,-267.525,17.906811219856568,19.58382761757132,-0.08433445003176653
sensor24_today,sensor24blankpbsrun2.csv,2,1,2,sg5,390.52982332093114,-267.525,18.879347354216925,20.685557397390735,-0.08515804245472818
sensor24_today,sensor24blankpbsrun2.csv,2,2,4,raw,269.6580365838886,-256.781,25.61474429249672,10.527453778364636,-0.08353880910942608
sensor24_today,sensor24blankpbsrun2.csv,2,2,4,avg3,255.5426554411468,-251.409,15.918148753290469,16.05354111220522,-0.07431637737246874
sensor24_today,sensor24blankpbsrun2.csv,2,2,4,smooth5,248.74526359781953,-256.781,12.530086647071018,19.851839065770964,-0.0715655080316404
sensor24_today,sensor24blankpbsrun2.csv,2,2,4,smooth7,243.16371935623428,-256.781,11.755722055572003,20.684711513826496,-0.06707420457545046
sensor24_today,sensor24blankpbsrun2.csv,2,2,4,sg5,261.423891205907,-251.409,18.53117571025979,14.107247985413553,-0.0768130242382856
sensor24_today,sensor24blankpbsrun3.csv,3,1,2,raw,373.392545891379,-267.525,27.756233034279266,13.452565606803882,-0.07413860805345379
sensor24_today,sensor24blankpbsrun3.csv,3,1,2,avg3,359.6510840702605,-272.897,23.352558491970765,15.400928518985111,-0.06874966456846256
sensor24_today,sensor24blankpbsrun3.csv,3,1,2,smooth5,349.05843026852415,-278.269,22.40687845258488,15.57818198582036,-0.0684528597107674
sensor24_today,sensor24blankpbsrun3.csv,3,1,2,smooth7,343.5441436531971,-267.525,21.29635755594773,16.131591646631176,-0.07715711068792962
sensor24_today,sensor24blankpbsrun3.csv,3,1,2,sg5,364.56447020160937,-272.897,24.060918546816836,15.15172704201851,-0.06964639679791455
sensor24_today,sensor24blankpbsrun3.csv,3,2,4,raw,298.11409440742983,-246.037,18.24355779987607,16.340787124836744,-0.08774062937705271
sensor24_today,sensor24blankpbsrun3.csv,3,2,4,avg3,268.807794023824,-251.409,10.943526319905885,24.563178829740846,-0.09150517470326806
sensor24_today,sensor24blankpbsrun3.csv,3,2,4,smooth5,257.10097846961435,-251.409,9.778779171397302,26.291725578754107,-0.09239589595661618
sensor24_today,sensor24blankpbsrun3.csv,3,2,4,smooth7,247.67265293761355,-262.153,9.92585260203202,24.952279956979215,-0.08856838689596473
sensor24_today,sensor24blankpbsrun3.csv,3,2,4,sg5,271.4070539390268,-251.409,12.179231200210621,22.284415943621568,-0.09058607328416958
sensor24_today,sensor24blankpbsrun4.csv,4,1,2,raw,391.023495134262,-251.409,26.214082948807125,14.916542985611311,-0.039981191780548014
sensor24_today,sensor24blankpbsrun4.csv,4,1,2,avg3,375.4263587320816,-267.525,22.242207289082756,16.879006379746933,-0.05076111576894288
sensor24_today,sensor24blankpbsrun4.csv,4,1,2,smooth5,373.87522382394513,-262.153,20.683357108852633,18.076138310444957,-0.05328764699418018
sensor24_today,sensor24blankpbsrun4.csv,4,1,2,smooth7,362.13629691096304,-267.525,20.55365140349212,17.619073604091348,-0.060116927648778413
sensor24_today,sensor24blankpbsrun4.csv,4,1,2,sg5,378.84660185053815,-267.525,23.364335870450233,16.214738734760267,-0.04813810525245152
sensor24_today,sensor24blankpbsrun4.csv,4,2,4,raw,290.01689230769233,-256.781,20.88814338132447,13.884282916546269,0.10697061687381866
sensor24_today,sensor24blankpbsrun4.csv,4,2,4,avg3,259.6107225923683,-262.153,11.963592417558809,21.700064122156235,0.10527747122279285
sensor24_today,sensor24blankpbsrun4.csv,4,2,4,smooth5,251.2027728568544,-267.525,11.156068300624296,22.517141889745965,0.09534847822697917
sensor24_today,sensor24blankpbsrun4.csv,4,2,4,smooth7,246.14816272965876,-262.153,11.362534419947155,21.663139017430897,0.09134241725426111
sensor24_today,sensor24blankpbsrun4.csv,4,2,4,sg5,264.1957438781691,-262.153,13.165679434258312,20.06700415253218,0.10977473174980225
sensor24_today,sensor24blankpbsrun5.csv,5,1,2,raw,389.9890134463961,-267.525,18.909627753589294,20.623833452901845,-0.05235255331613819
sensor24_today,sensor24blankpbsrun5.csv,5,1,2,avg3,387.12119180294775,-262.153,17.495643569308548,22.12671916122302,-0.054358821018842936
sensor24_today,sensor24blankpbsrun5.csv,5,1,2,smooth5,378.3187249828387,-267.525,18.41276189869076,20.54654956515454,-0.060336769505278075
sensor24_today,sensor24blankpbsrun5.csv,5,1,2,smooth7,368.5187795910126,-267.525,19.43791283747443,18.958762840038247,-0.06675000509523063
sensor24_today,sensor24blankpbsrun5.csv,5,1,2,sg5,391.2491656485248,-262.153,17.25031017090562,22.680703232131197,-0.05151082616763514
sensor24_today,sensor24blankpbsrun5.csv,5,2,4,raw,264.1027810619826,-251.409,18.50588118874395,14.271289130647881,-0.04220878040625815
sensor24_today,sensor24blankpbsrun5.csv,5,2,4,avg3,256.8603388249546,-256.781,10.56394210170503,24.314818876515535,-0.030400703320069413
sensor24_today,sensor24blankpbsrun5.csv,5,2,4,smooth5,251.46392399757727,-256.781,9.17113663558964,27.419057635859755,-0.02757783026420053
sensor24_today,sensor24blankpbsrun5.csv,5,2,4,smooth7,243.1163871073809,-256.781,9.359609857468012,25.975055671086423,-0.029586695943893664
sensor24_today,sensor24blankpbsrun5.csv,5,2,4,sg5,257.7155982209916,-256.781,12.12402535345405,21.256603372869904,-0.03329755139219202
sensor135_previous,pbsblank135run1.csv,1,1,1,raw,203.40619765798508,-246.037,9.845290174583399,20.660254197798913,-0.01162923288291927
sensor135_previous,pbsblank135run1.csv,1,1,1,avg3,196.01318873410054,-246.037,6.756279752434807,29.012000082362178,-0.010322857646689002
sensor135_previous,pbsblank135run1.csv,1,1,1,smooth5,185.5777506642439,-251.409,6.537215249578815,28.387890497593826,-0.012249881574815174
sensor135_previous,pbsblank135run1.csv,1,1,1,smooth7,179.67035509792046,-251.409,6.718917503586718,26.740967574316567,-0.012513750948094126
sensor135_previous,pbsblank135run1.csv,1,1,1,sg5,201.59339350811922,-246.037,6.597565134502056,30.555726150225308,-0.009682722946188835
sensor135_previous,pbsblank135run1.csv,1,2,3,raw,181.9297212598425,-251.409,12.901954288255242,14.100942942066897,-0.036202635375658515
sensor135_previous,pbsblank135run1.csv,1,2,3,avg3,176.09029246921062,-246.037,7.1630136328188305,24.58326920702991,-0.027329804104975416
sensor135_previous,pbsblank135run1.csv,1,2,3,smooth5,171.64477569957603,-246.037,6.222472776918839,27.584656751936613,-0.024960882481476272
sensor135_previous,pbsblank135run1.csv,1,2,3,smooth7,166.84208364915924,-246.037,7.240681150602299,23.042318834227476,-0.0231240214768101
sensor135_previous,pbsblank135run1.csv,1,2,3,sg5,176.76480324997829,-246.037,8.435184894152743,20.95565248042297,-0.029612626103734933
sensor135_previous,pbsblank135run1.csv,1,3,5,raw,168.34464211588943,-251.409,10.926094428956102,15.4075770816831,-0.10684038299554158
sensor135_previous,pbsblank135run1.csv,1,3,5,avg3,161.2466416717141,-246.037,8.081402851764437,19.95280332257024,-0.10527068366697596
sensor135_previous,pbsblank135run1.csv,1,3,5,smooth5,159.40052589541688,-251.409,8.005651616702757,19.910999569710015,-0.10387660689558545
sensor135_previous,pbsblank135run1.csv,1,3,5,smooth7,155.0332880101525,-251.409,8.239318299694817,18.816276100887485,-0.10301600924662466
sensor135_previous,pbsblank135run1.csv,1,3,5,sg5,162.49292943843557,-256.781,8.241752410725036,19.715822720782374,-0.10609239756594666
sensor135_previous,pbsblank135run2.csv,2,1,1,raw,209.93063315162527,-262.153,11.450562162762655,18.333652982935792,-0.04794815870823869
sensor135_previous,pbsblank135run2.csv,2,1,1,avg3,192.27581477892184,-256.781,6.832103915975551,28.14298745212615,-0.04753429820356026
sensor135_previous,pbsblank135run2.csv,2,1,1,smooth5,187.88798052089643,-251.409,6.125038506088146,30.67539580920841,-0.04673100487847114
sensor135_previous,pbsblank135run2.csv,2,1,1,smooth7,183.9946150673473,-251.409,6.25518807908523,29.414721466577387,-0.04585244152173284
sensor135_previous,pbsblank135run2.csv,2,1,1,sg5,192.697332494592,-256.781,6.862849732260799,28.0783260616596,-0.04793863035864427
sensor135_previous,pbsblank135run2.csv,2,2,3,raw,188.18285802543917,-240.665,14.36000542588824,13.10465089979582,0.028517724089689552
sensor135_previous,pbsblank135run2.csv,2,2,3,avg3,171.74243068847164,-246.037,8.936198259834217,19.218735495205742,0.026616674777156974
sensor135_previous,pbsblank135run2.csv,2,2,3,smooth5,165.2249044457904,-240.665,8.689365186388372,19.01461164327749,0.026822290363369534
sensor135_previous,pbsblank135run2.csv,2,2,3,smooth7,159.09004167171415,-246.037,8.35511721604041,19.04103049162353,0.026530352229368944
sensor135_previous,pbsblank135run2.csv,2,2,3,sg5,172.64585867958812,-246.037,9.18071766985181,18.80526826857261,0.0268001773848949
sensor135_previous,pbsblank135run2.csv,2,3,5,raw,170.00735251362812,-246.037,8.462775392443294,20.088841382394904,-0.11860881714775627
sensor135_previous,pbsblank135run2.csv,2,3,5,avg3,167.10495768221278,-251.409,7.466493247306711,22.380648069626304,-0.11766281377036472
sensor135_previous,pbsblank135run2.csv,2,3,5,smooth5,163.64014395315974,-251.409,7.4557811019579106,21.948088565822747,-0.11704933297794506
sensor135_previous,pbsblank135run2.csv,2,3,5,smooth7,159.8160323209599,-251.409,7.779887811360248,20.54220268929783,-0.11663267734468066
sensor135_previous,pbsblank135run2.csv,2,3,5,sg5,168.42870265639868,-251.409,7.443063387165624,22.628949116143108,-0.1180605102064287
sensor135_previous,pbsblank135run3.csv,3,1,1,raw,217.6989275590551,-256.781,14.11093603414317,15.427674466974082,0.023293222862291987
sensor135_previous,pbsblank135run3.csv,3,1,1,avg3,213.4335817080557,-251.409,8.86082804183368,24.087317878238306,0.020378091664024555
sensor135_previous,pbsblank135run3.csv,3,1,1,smooth5,207.81923062386429,-246.037,7.6097224349636345,27.30969919073762,0.021315707937561715
sensor135_previous,pbsblank135run3.csv,3,1,1,smooth7,203.65398797265726,-246.037,7.136706862821176,28.53612904203716,0.01896931786384824
sensor135_previous,pbsblank135run3.csv,3,1,1,sg5,215.3627866643592,-251.409,10.023258350568653,21.486305064873534,0.02039180143148815
sensor135_previous,pbsblank135run3.csv,3,2,3,raw,157.96998522107813,-229.921,12.120810964473717,13.032955112004517,-0.03579123282308652
sensor135_previous,pbsblank135run3.csv,3,2,3,avg3,153.39623601857457,-235.293,7.69207453687841,19.942115132028565,-0.04025470096494535
sensor135_previous,pbsblank135run3.csv,3,2,3,smooth5,152.6371144760751,-240.665,6.836799700147824,22.325813417171606,-0.03754499292605889
sensor135_previous,pbsblank135run3.csv,3,2,3,smooth7,149.91622774076316,-246.037,6.554801260746883,22.87120871818485,-0.03747238186383121
sensor135_previous,pbsblank135run3.csv,3,2,3,sg5,155.1420952842433,-229.921,8.269936700270806,18.759768170796647,-0.04077849496145592
sensor135_previous,pbsblank135run3.csv,3,3,5,raw,162.99255562285487,-262.153,14.406963489263386,11.313456561774665,-0.0914300756222415
sensor135_previous,pbsblank135run3.csv,3,3,5,avg3,160.4516444579043,-262.153,8.38814994822686,19.128371029159005,-0.08389152899504035
sensor135_previous,pbsblank135run3.csv,3,3,5,smooth5,158.3629437674137,-256.781,8.01997118221037,19.746073915912447,-0.08512926497911345
sensor135_previous,pbsblank135run3.csv,3,3,5,smooth7,152.29469343832022,-251.409,8.172027472802744,18.636096604566113,-0.08587424051803358
sensor135_previous,pbsblank135run3.csv,3,3,5,sg5,164.1370544547317,-262.153,9.500271226824825,17.277091415166836,-0.08443859869197431
sensor135_previous,pbsblank135run4.csv,4,1,1,raw,204.5261670502726,-256.781,12.640911577831055,16.179700790642304,-0.0005424933315834533
sensor135_previous,pbsblank135run4.csv,4,1,1,avg3,199.52673406016558,-251.409,7.412561703471603,26.91737917901164,0.0007601461181119005
sensor135_previous,pbsblank135run4.csv,4,1,1,smooth5,194.99151570361394,-251.409,7.072442305528492,27.57060535526604,0.00037814728740555065
sensor135_previous,pbsblank135run4.csv,4,1,1,smooth7,187.48931823714344,-251.409,7.473243257711748,25.088079134005238,0.00031281279427101293
sensor135_previous,pbsblank135run4.csv,4,1,1,sg5,201.57381481237914,-251.409,7.796297016217418,25.8550712463977,0.0007390700110020456
sensor135_previous,pbsblank135run4.csv,4,2,3,raw,192.482474863719,-240.665,14.646668796513387,13.1417237283019,0.04027843110194882
sensor135_previous,pbsblank135run4.csv,4,2,3,avg3,174.45743076923077,-246.037,8.154727314669408,21.393410722073085,0.037227218053725884
sensor135_previous,pbsblank135run4.csv,4,2,3,smooth5,169.6046609812235,-240.665,7.6740670115859215,22.101013807302294,0.03749458010285517
sensor135_previous,pbsblank135run4.csv,4,2,3,smooth7,165.10623068270314,-240.665,7.470447749010392,22.101249647931038,0.03735964787436115
sensor135_previous,pbsblank135run4.csv,4,2,3,sg5,176.9452340272851,-246.037,8.558102303283283,20.675755880997208,0.037547983917669864
sensor135_previous,pbsblank135run4.csv,4,3,5,raw,190.84551395114073,-251.409,12.958131267120617,14.727857745613644,-0.06395895054615398
sensor135_previous,pbsblank135run4.csv,4,3,5,avg3,187.4338409852615,-246.037,9.614381200424384,19.495153882289173,-0.06855870348814219
sensor135_previous,pbsblank135run4.csv,4,3,5,smooth5,180.8394146012518,-251.409,8.841383176453576,20.453746997739493,-0.06837190514138942
sensor135_previous,pbsblank135run4.csv,4,3,5,smooth7,179.11551568169364,-251.409,8.425725522153925,21.25817120564178,-0.07042447597996651
sensor135_previous,pbsblank135run4.csv,4,3,5,sg5,189.68410253410616,-246.037,10.198048891563442,18.600038551592597,-0.06798020915808695
